"#","Name","Appointment / Advice","Request","Action","created At"
"1","Jose Rizal","","Create","View                                       Reply","2023-03-15 15:43:50"
"2","Jose Rizal","","change of status","View                                       Reply","2023-03-15 14:38:05"
"3","Jose Rizal","","create","View                                       Reply","2023-03-15 14:12:19"
"4","Jose Rizal","","create","View                                       Reply","2023-03-15 14:10:50"
"5","1111111111 1111111111","","create","View                                       Reply","2022-12-13 16:00:07"
"6","za za","","Create","View                                       Reply","2022-11-21 15:18:13"
"7","zz zz","","Create","View                                       Reply","2022-11-21 15:02:32"
"8","aa aa","","create","View                                       Reply","2022-11-21 11:59:51"
"9","aa aa","","create","View                                       Reply","2022-11-21 11:59:22"
"10","1 1","","delete","View                                       Reply","2022-11-21 10:21:31"
"11","xx x","","create","View                                       Reply","2022-11-17 09:27:57"
"12","eee eee","","create","View                                       Reply","2022-11-10 08:47:14"
"13","q q","","create","View                                       Reply","2022-11-10 08:21:28"
"14","q q","","create","View                                       Reply","2022-11-10 08:19:43"