"#","Name","School Name","Request Type","Created at","Date Approved","Action"
"1","Jose Rizal","Puypuy High School","Create","2023-03-16 16:09:01","2023-03-16 16:09:38","View                                       Reply"
"2","Jose Rizal","Los Banos Nation High SChool","Create","2023-03-16 09:06:10","2023-03-16 13:14:21","View                                       Reply"
"3","Jose Rizal","Puypuy High School","Create","2023-03-15 15:43:50","2023-03-15 15:53:54","View                                       Reply"
"4","Jose Rizal","Puypuy High School","change of status","2023-03-15 14:38:05","2023-03-15 15:46:11","View                                       Reply"
"5","Jose Rizal","Majada Senio High School","create","2023-03-15 14:12:19","2023-03-15 14:13:55","View                                       Reply"
"6","Jose Rizal","Majada Senio High School","create","2023-03-15 14:10:50","2023-03-15 14:19:04","View                                       Reply"
"7","1111111111 1111111111","1111111111","create","2022-12-13 16:00:07","2022-12-13 16:00:15","View                                       Reply"
"8","za za","za","Create","2022-11-21 15:18:13","2023-03-15 15:55:01","View                                       Reply"
"9","zz zz","zz","Create","2022-11-21 15:02:32","2022-11-21 16:42:41","View                                       Reply"
"10","aa aa","a","create","2022-11-21 11:59:51","2022-11-21 16:42:37","View                                       Reply"
"11","aa aa","a","create","2022-11-21 11:59:22","2022-11-21 16:42:36","View                                       Reply"
"12","1 1","1","delete","2022-11-21 10:21:31","2022-11-21 16:42:16","View                                       Reply"
"13","xx x","xxx","create","2022-11-17 09:27:57","2022-11-21 10:46:10","View                                       Reply"
"14","eee eee","qq","create","2022-11-10 08:47:14","2022-11-15 11:43:11","View                                       Reply"
"15","q q","q","create","2022-11-10 08:21:28","2022-11-10 08:44:44","View                                       Reply"
"16","q q","q","create","2022-11-10 08:19:43","2022-11-10 08:34:16","View                                       Reply"