"#","Name","Request Type","Created at","Appointment / Advice","Action"
"1","Jose Rizal","Suspend","2023-03-15 15:41:30","","View                                       Reply                                                                               Approve"
"2","Jose Rizal","change of status","2023-03-15 15:37:22","","View                                       Reply                                                                               Approve"
"3","d as","Create","2022-12-15 15:42:33","","View                                       Reply                                                                               Approve"
"4","a a","Create","2022-11-21 16:38:19","","View                                       Reply                                                                               Approve"
"5","scaasd asdasda","Create","2022-11-21 15:48:07","","View                                       Reply                                                                               Approve"
"6","yt yt","Create","2022-11-21 15:38:54","","View                                       Reply                                                                               Approve"
"7","g g","Create","2022-11-21 15:23:48","","View                                       Reply                                                                               Approve"
"8","a ta","Create","2022-11-21 15:21:47","","View                                       Reply                                                                               Approve"
"9","dd d","Create","2022-11-21 15:19:48","","View                                       Reply                                                                               Approve"
"10","cc cc","Create","2022-11-21 15:17:50","","View                                       Reply                                                                               Approve"
"11","cc cc","Create","2022-11-21 15:12:46","","View                                       Reply                                                                               Approve"
"12","cc cc","Create","2022-11-21 15:09:48","","View                                       Reply                                                                               Approve"
"13","xx xx","Create","2022-11-21 15:06:04","","View                                       Reply                                                                               Approve"
"14","aa aa","create","2022-11-21 12:00:32","","View                                       Reply                                                                               Approve"
"15","aa aa","create","2022-11-21 12:00:27","","View                                       Reply                                                                               Approve"
"16","aa aa","create","2022-11-21 12:00:23","","View                                       Reply                                                                               Approve"
"17","aa aa","create","2022-11-21 12:00:18","","View                                       Reply                                                                               Approve"
"18","aa aa","create","2022-11-21 12:00:14","","View                                       Reply                                                                               Approve"
"19","aa aa","create","2022-11-21 12:00:12","","View                                       Reply                                                                               Approve"